{"file_hashes":[{"block_hashes":["oZMB/HQRsj1B41hZVBH4J/9vuqqYToASuGJC/i6gIBk=","sjQ8NICSvDlI19ugR3AUPM0n8QscHIhmRV5wB44UpGA=","BX92vSVDe7sC/3jvKIJlOV+sjQISpNJirfrhjs+JeYU="],"block_size":4096,"path":"background.js"},{"block_hashes":["FN7bhUh00bwiKx5pghgKAdK3i7fNfeSt9PE8l9RBwP8=","m0YYFnNzdm4FKiFFL84BQei9UZ4GdvyrQ1isM0JdifU=","p6RkthOlr5uyxo4u3vvz98/SQF3YxUB0wcvOFUpDUoY="],"block_size":4096,"path":"content.js"},{"block_hashes":["v02rUEwxeO5ooLoOCgJEkbMKPtKUiF3ok0vcINeB/oI="],"block_size":4096,"path":"error_on_plugin_load/error_on_plugin_load.css"},{"block_hashes":["zoWNejBdGRVm21prOY0LpmEv61+6kmU6l5UqLEwgUAQ="],"block_size":4096,"path":"error_on_plugin_load/error_on_plugin_load.html"},{"block_hashes":["IMAgpSvp32MzglfrKuM/zWFKtttP3QyREonJsqsa5kg=","XdRyMOf5FJ81Z/CpsTMRQX55ErC/Nxp5t/9Xeuw+Z0o=","s3pNAzS5Q3bRjwbwtzYF8KGdVEN4YcQCOYn83/qXDY0=","wkFJ3xe9Nuimke1upktR+Rgp4m8dR3D5x713eAtCBJc=","C+pzJyODaKWj11tvlHYKBQevR/IfymiT4CdcrxQ4A44="],"block_size":4096,"path":"icons/plugin_load_error.png"},{"block_hashes":["BfMRGvbRtzfogzii7WSh+x02oWlNjIRV6x51LuRzh3M=","A6mTOWVwSswN+i8gRNVynLMFtvZQCtMU+3BxSjy6KFA=","lT01OsE3wfWb19bVmWhOCtg0Hmi7kDJYSJkEOZDSWag="],"block_size":4096,"path":"nmcades_plugin_api.js"},{"block_hashes":["5dVo2dR+3t5mNPJ2DYCsTWj/gfnINwNX0lAGk3/nsYY="],"block_size":4096,"path":"plugin_load_ok/plugin_load_ok.css"},{"block_hashes":["y6iZW1FF5GSUUXr5QfqX+ec2mYy8lPgr9N4uWf1el88="],"block_size":4096,"path":"plugin_load_ok/plugin_load_ok.html"},{"block_hashes":["BCIMVFz9LiMQo9IrANDPDpFe7whY2pxFf/EQdO8e9OQ="],"block_size":4096,"path":"popup.html"},{"block_hashes":["vrjpomvzV9Qc20ZScoNAl62ZLIwDT010huvq57yeLH8="],"block_size":4096,"path":"popup.js"},{"block_hashes":["Hr6O/1CxVJF6cS6LBE6XYsVO4SFRLcRojZ1n5p3XETA=","4bxoR9Ph1ExIrDEcA9flwPoe2PhfnTLvDvYYaTJ4OU0=","JY2V7O4+cl4KnAoOUAT5TY9wCWMQeFSE8ngqfJrzKvI=","EPenudUDKGa0dDL2BjBhmVvya1uanJgsVUBWiMkeB8o="],"block_size":4096,"path":"trusted_sites.html"},{"block_hashes":["b9DmuU5lDPK0fD0zGBqYn6l8trtMdcpJqpnMR1zLRpw=","nPShnFB7apVhiu25Bk5jts7ZP3pDFwzKt7g19D7y6/c=","25BlFnOVPhnJIqmpEC9ugCK+ffCb+FXo683zEseha8o=","mQIqutHBJG6VYBqIiuKGkerjkWD3oCdWb2BF4PHwpcg="],"block_size":4096,"path":"trusted_sites.js"}],"version":2}